../CodeChangesAnalysis/experiments/linevuln/lines/linux/CVE-2014-3184,
../CodeChangesAnalysis/experiments/linevuln/lines/linux/CVE-2018-12904,
../CodeChangesAnalysis/experiments/linevuln/lines/linux/CVE-2012-6546,
../CodeChangesAnalysis/experiments/linevuln/lines/php/CVE-2016-6297,
../CodeChangesAnalysis/experiments/all_else/qemu/d6f723b,
../CodeChangesAnalysis/experiments/linevuln/lines/linux/CVE-2012-4467,
../CodeChangesAnalysis/experiments/linevuln/functions/linux/CVE-2015-8569,
../CodeChangesAnalysis/experiments/linevuln/functions/file/CVE-2017-1000249,
../CodeChangesAnalysis/experiments/linevuln/lines/linux/CVE-2018-19854,
../CodeChangesAnalysis/experiments/all_else/qemu/a67e128,
../CodeChangesAnalysis/experiments/linevuln/functions/linux/CVE-2017-8069,
../CodeChangesAnalysis/experiments/linevuln/lines/openjpeg/CVE-2016-10506,
../CodeChangesAnalysis/experiments/linevuln/lines/linux/CVE-2013-2634,
../CodeChangesAnalysis/experiments/all_else/ffmpeg/f141b35,
../CodeChangesAnalysis/experiments/linevuln/lines/linux/CVE-2013-2234,
../CodeChangesAnalysis/experiments/all_else/qemu/73d60fa,
../CodeChangesAnalysis/experiments/all_else/ffmpeg/4cc896e,
../CodeChangesAnalysis/experiments/linevuln/functions/radare2/CVE-2017-16357,
../CodeChangesAnalysis/experiments/linevuln/functions/linux/CVE-2016-4998,
../CodeChangesAnalysis/experiments/all_else/ffmpeg/7149fce,
../CodeChangesAnalysis/experiments/all_else/qemu/de5dca1,
../CodeChangesAnalysis/experiments/all_else/ffmpeg/14e4e26,
../CodeChangesAnalysis/experiments/linevuln/functions/linux/CVE-2013-2234,
../CodeChangesAnalysis/experiments/all_else/qemu/384b557,
../CodeChangesAnalysis/experiments/all_else/ffmpeg/5afe1d2,
../CodeChangesAnalysis/experiments/all_else/qemu/eeae2e7,
../CodeChangesAnalysis/experiments/all_else/qemu/70976a7,
../CodeChangesAnalysis/experiments/all_else/qemu/ad27390,
../CodeChangesAnalysis/experiments/linevuln/lines/Android/CVE-2016-3829,
../CodeChangesAnalysis/experiments/all_else/qemu/cd3b29b,
../CodeChangesAnalysis/experiments/all_else/qemu/911ee36,
../CodeChangesAnalysis/experiments/all_else/ffmpeg/b6ee25e,
../CodeChangesAnalysis/experiments/linevuln/functions/Android/CVE-2016-2485,
../CodeChangesAnalysis/experiments/all_else/qemu/fa4ba92,
../CodeChangesAnalysis/experiments/all_else/qemu/2dc7fdf,
../CodeChangesAnalysis/experiments/all_else/ffmpeg/3ab9a2a,
../CodeChangesAnalysis/experiments/linevuln/functions/Android/CVE-2016-3745,
../CodeChangesAnalysis/experiments/linevuln/functions/linux/CVE-2015-5366,
../CodeChangesAnalysis/experiments/linevuln/functions/openjpeg/CVE-2016-10506,
../CodeChangesAnalysis/experiments/all_else/qemu/5e54769,
../CodeChangesAnalysis/experiments/linevuln/lines/openssl/CVE-2018-0737,
../CodeChangesAnalysis/experiments/linevuln/lines/linux/CVE-2013-3232,
../CodeChangesAnalysis/experiments/linevuln/functions/php/CVE-2016-6297,
../CodeChangesAnalysis/experiments/linevuln/lines/jq/CVE-2015-8863,
../CodeChangesAnalysis/experiments/linevuln/lines/FFmpeg/CVE-2017-9995,
../CodeChangesAnalysis/experiments/all_else/qemu/2a633c4,
../CodeChangesAnalysis/experiments/linevuln/lines/php/CVE-2013-1824,
../CodeChangesAnalysis/experiments/linevuln/lines/linux/CVE-2011-2517,
../CodeChangesAnalysis/experiments/linevuln/functions/tcpreplay/CVE-2018-20553,
../CodeChangesAnalysis/experiments/linevuln/functions/php/CVE-2016-6289,
